{
    "setBuildings": [
        {
			"colour": -1,
			"woodCost": 2,
			"clayCost": 1,
			"stoneCost": 0,
			"goldCost": 0,
			"scoreGain": 10
        },
		{
			"colour": -1,
			"woodCost": 2,
			"clayCost": 0,
			"stoneCost": 1,
			"goldCost": 0,
			"scoreGain": 11
        },
        {
			"colour": -1,
			"woodCost": 1,
			"clayCost": 2,
			"stoneCost": 0,
			"goldCost": 0,
			"scoreGain": 11
        }, 
		{
			"colour": -1,
			"woodCost": 2,
			"clayCost": 0,
			"stoneCost": 0,
			"goldCost": 1,
			"scoreGain": 12
        }, 
		{
			"colour": -1,
			"woodCost": 1,
			"clayCost": 0,
			"stoneCost": 2,
			"goldCost": 0,
			"scoreGain": 13
        },    
		{
			"colour": -1,
			"woodCost": 0,
			"clayCost": 2,
			"stoneCost": 1,
			"goldCost": 0,
			"scoreGain": 13
        },    
		{
			"colour": -1,
			"woodCost": 0,
			"clayCost": 2,
			"stoneCost": 0,
			"goldCost": 1,
			"scoreGain": 14
        },     
		{
			"colour": -1,
			"woodCost": 0,
			"clayCost": 1,
			"stoneCost": 2,
			"goldCost": 0,
			"scoreGain": 14
        },    
		{
			"colour": -1,
			"woodCost": 0,
			"clayCost": 0,
			"stoneCost": 2,
			"goldCost": 1,
			"scoreGain": 16
        },    
		{
			"colour": -1,
			"woodCost": 1,
			"clayCost": 1,
			"stoneCost": 1,
			"goldCost": 0,
			"scoreGain": 12
        },    
		{
			"colour": -1,
			"woodCost": 1,
			"clayCost": 1,
			"stoneCost": 1,
			"goldCost": 0,
			"scoreGain": 12
        }, 	
		{
			"colour": -1,
			"woodCost": 1,
			"clayCost": 1,
			"stoneCost": 0,
			"goldCost": 1,
			"scoreGain": 13
        },     
		{
			"colour": -1,
			"woodCost": 1,
			"clayCost": 1,
			"stoneCost": 0,
			"goldCost": 1,
			"scoreGain": 13
        },  
		{
			"colour": -1,
			"woodCost": 1,
			"clayCost": 0,
			"stoneCost": 1,
			"goldCost": 1,
			"scoreGain": 14
        },    
		{
			"colour": -1,
			"woodCost": 1,
			"clayCost": 0,
			"stoneCost": 1,
			"goldCost": 1,
			"scoreGain": 14
        },     
		{
			"colour": -1,
			"woodCost": 0,
			"clayCost": 1,
			"stoneCost": 1,
			"goldCost": 1,
			"scoreGain": 15
        }, 
		{
			"colour": -1,
			"woodCost": 0,
			"clayCost": 1,
			"stoneCost": 1,
			"goldCost": 1,
			"scoreGain": 15
        }
	],
	"varBuildings": [
        {
			"colour": -1,
			"minCost": 4,
			"maxCost": 4,
			"diffMaterials": 1
        },
		{
			"colour": -1,
			"minCost": 4,
			"maxCost": 4,
			"diffMaterials": 2
        },
        {
			"colour": -1,
			"minCost": 4,
			"maxCost": 4,
			"diffMaterials": 3
        }, 
		{
			"colour": -1,
			"minCost": 4,
			"maxCost": 4,
			"diffMaterials": 4
        }, 
		{
			"colour": -1,
			"minCost": 5,
			"maxCost": 5,
			"diffMaterials": 1
        },    
		{
			"colour": -1,
			"minCost": 5,
			"maxCost": 5,
			"diffMaterials": 2
        },    
		{
			"colour": -1,
			"minCost": 5,
			"maxCost": 5,
			"diffMaterials": 3
        },     
		{
			"colour": -1,
			"minCost": 5,
			"maxCost": 5,
			"diffMaterials": 4
        },    
		{
			"colour": -1,
			"minCost": 1,
			"maxCost": 7,
			"diffMaterials": 0
        },    
		{
			"colour": -1,
			"minCost": 1,
			"maxCost": 7,
			"diffMaterials": 0
        },    
		{
			"colour": -1,
			"minCost": 1,
			"maxCost": 7,
			"diffMaterials": 0
        }
	]
}
