{
    "activePlayer": 0,
    "buildings": [
        [
            {
                "colour": -1,
                "diffMaterials": 3,
                "maxCost": 4,
                "minCost": 4
            }
        ],
        [
            {
                "clayCost": 0,
                "colour": -1,
                "goldCost": 1,
                "scoreGain": 14,
                "stoneCost": 1,
                "woodCost": 1
            }
        ],
        [
            {
                "clayCost": 1,
                "colour": -1,
                "goldCost": 0,
                "scoreGain": 10,
                "stoneCost": 0,
                "woodCost": 2
            }
        ],
        [
            {
                "clayCost": 1,
                "colour": -1,
                "goldCost": 0,
                "scoreGain": 14,
                "stoneCost": 2,
                "woodCost": 0
            }
        ]
    ],
    "civs": [
    ],
    "clayPit": {
        "blueWorkers": 0,
        "greenWorkers": 0,
        "redWorkers": 0,
        "yellowWorkers": 0
    },
    "ended": false,
    "field": {
        "blueWorkers": 0,
        "greenWorkers": 0,
        "redWorkers": 0,
        "yellowWorkers": 0
    },
    "forest": {
        "blueWorkers": 0,
        "greenWorkers": 0,
        "redWorkers": 0,
        "yellowWorkers": 0
    },
    "hunt": {
        "blueWorkers": 0,
        "greenWorkers": 0,
        "redWorkers": 0,
        "yellowWorkers": 0
    },
    "hut": {
        "blueWorkers": 0,
        "greenWorkers": 0,
        "redWorkers": 0,
        "yellowWorkers": 0
    },
    "openCivs": [
        {
            "bonus": 0,
            "builders": 0,
            "colour": -1,
            "cost": 1,
            "diceResource": 6,
            "farmers": 0,
            "makers": 0,
            "shamen": 0
        },
        {
            "bonus": -1,
            "builders": 0,
            "colour": -1,
            "cost": 2,
            "farmers": 0,
            "makers": 1,
            "shamen": 0,
            "tools": 2
        },
        {
            "bonus": -1,
            "builders": 0,
            "colour": -1,
            "cost": 3,
            "farmers": 0,
            "makers": 1,
            "shamen": 0,
            "tools": 3
        },
        {
            "bonus": 2,
            "builders": 0,
            "colour": -1,
            "cost": 4,
            "farmers": 0,
            "food": false,
            "makers": 0,
            "score": true,
            "shamen": 0,
            "tool": false
        }
    ],
    "players": [
        {
            "buildings": 9,
            "civBonuses": [
                4,
                1,
                3,
                0,
                2,
                3,
                0,
                2
            ],
            "clay": 100,
            "colour": 0,
            "extraTools": [
            ],
            "farmers": 7,
            "food": 10,
            "foodGain": 5,
            "gold": 1,
            "hutBuilders": 2,
            "score": 64,
            "shamans": 1,
            "stone": 23,
            "toolMakers": 6,
            "tools": [
                {
                    "level": 3,
                    "used": false
                },
                {
                    "level": 2,
                    "used": false
                },
                {
                    "level": 2,
                    "used": false
                }
            ],
            "wood": 4,
            "workerFree": 7,
            "workerTotal": 7
        },
       {
            "buildings": 17,
            "civBonuses": [
                2,
                1,
                2,
                1,
                0,
                4,
                3,
                1
            ],
            "clay": 76,
            "colour": 1,
            "extraTools": [
            ],
            "farmers": 10,
            "food": 46,
            "foodGain": 9,
            "gold": 20,
            "hutBuilders": 19,
            "score": 50,
            "shamans": 8,
            "stone": 20,
            "toolMakers": 2,
            "tools": [
                {
                    "level": 3,
                    "used": false
                },
                {
                    "level": 3,
                    "used": false
                },
                {
                    "level": 2,
                    "used": false
                }
            ],
            "wood": 5,
            "workerFree": 8,
            "workerTotal": 8
        },
        {
            "buildings": 17,
            "civBonuses": [
                2,
                1,
                2,
                1,
                0,
                4,
                3,
                1
            ],
            "clay": 76,
            "colour": 2,
            "extraTools": [
            ],
            "farmers": 10,
            "food": 46,
            "foodGain": 9,
            "gold": 20,
            "hutBuilders": 19,
            "score": 50,
            "shamans": 8,
            "stone": 20,
            "toolMakers": 2,
            "tools": [
                {
                    "level": 3,
                    "used": false
                },
                {
                    "level": 3,
                    "used": false
                },
                {
                    "level": 2,
                    "used": false
                }
            ],
            "wood": 5,
            "workerFree": 8,
            "workerTotal": 8
		},
        {
            "buildings": 9,
            "civBonuses": [
                3,
                0,
                1,
                4,
                1,
                0,
                4,
                3
            ],
            "clay": 19,
            "colour": 3,
            "extraTools": [
            ],
            "farmers": 3,
            "food": 18,
            "foodGain": 4,
            "gold": 31,
            "hutBuilders": 10,
            "score": 69,
            "shamans": 3,
            "stone": 68,
            "toolMakers": 15,
            "tools": [
                {
                    "level": 4,
                    "used": false
                },
                {
                    "level": 4,
                    "used": false
                },
                {
                    "level": 3,
                    "used": false
                }
            ],
            "wood": 48,
            "workerFree": 6,
            "workerTotal": 6
        }
    ],
    "quarry": {
        "blueWorkers": 0,
        "greenWorkers": 0,
        "redWorkers": 0,
        "yellowWorkers": 0
    },
    "river": {
        "blueWorkers": 0,
        "greenWorkers": 0,
        "redWorkers": 0,
        "yellowWorkers": 0
    },
    "round": 36,
    "toolShed": {
        "blueWorkers": 0,
        "greenWorkers": 0,
        "redWorkers": 0,
        "yellowWorkers": 0
    }
}
