{
    "activePlayer": 1,
    "buildings": [
        [
            {
                "clayCost": 0,
                "colour": -1,
                "goldCost": 1,
                "scoreGain": 14,
                "stoneCost": 1,
                "woodCost": 1
            },
            {
                "colour": -1,
                "diffMaterials": 4,
                "maxCost": 4,
                "minCost": 4
            },
            {
                "clayCost": 0,
                "colour": -1,
                "goldCost": 0,
                "scoreGain": 13,
                "stoneCost": 2,
                "woodCost": 1
            },
            {
                "clayCost": 0,
                "colour": -1,
                "goldCost": 1,
                "scoreGain": 12,
                "stoneCost": 0,
                "woodCost": 2
            },
            {
                "clayCost": 1,
                "colour": -1,
                "goldCost": 1,
                "scoreGain": 13,
                "stoneCost": 0,
                "woodCost": 1
            },
            {
                "colour": -1,
                "diffMaterials": 0,
                "maxCost": 7,
                "minCost": 1
            },
            {
                "clayCost": 2,
                "colour": -1,
                "goldCost": 0,
                "scoreGain": 13,
                "stoneCost": 1,
                "woodCost": 0
            }
        ],
        [
            {
                "colour": -1,
                "diffMaterials": 0,
                "maxCost": 7,
                "minCost": 1
            },
            {
                "colour": -1,
                "diffMaterials": 2,
                "maxCost": 4,
                "minCost": 4
            },
            {
                "clayCost": 1,
                "colour": -1,
                "goldCost": 1,
                "scoreGain": 15,
                "stoneCost": 1,
                "woodCost": 0
            },
            {
                "colour": -1,
                "diffMaterials": 3,
                "maxCost": 5,
                "minCost": 5
            },
            {
                "clayCost": 1,
                "colour": -1,
                "goldCost": 1,
                "scoreGain": 15,
                "stoneCost": 1,
                "woodCost": 0
            },
            {
                "clayCost": 1,
                "colour": -1,
                "goldCost": 0,
                "scoreGain": 14,
                "stoneCost": 2,
                "woodCost": 0
            },
            {
                "clayCost": 1,
                "colour": -1,
                "goldCost": 0,
                "scoreGain": 12,
                "stoneCost": 1,
                "woodCost": 1
            }
        ],
        [
            {
                "colour": -1,
                "diffMaterials": 1,
                "maxCost": 4,
                "minCost": 4
            },
            {
                "colour": -1,
                "diffMaterials": 1,
                "maxCost": 5,
                "minCost": 5
            },
            {
                "colour": -1,
                "diffMaterials": 0,
                "maxCost": 7,
                "minCost": 1
            },
            {
                "clayCost": 1,
                "colour": -1,
                "goldCost": 1,
                "scoreGain": 13,
                "stoneCost": 0,
                "woodCost": 1
            },
            {
                "colour": -1,
                "diffMaterials": 3,
                "maxCost": 4,
                "minCost": 4
            },
            {
                "clayCost": 0,
                "colour": -1,
                "goldCost": 1,
                "scoreGain": 16,
                "stoneCost": 2,
                "woodCost": 0
            },
            {
                "colour": -1,
                "diffMaterials": 4,
                "maxCost": 5,
                "minCost": 5
            }
        ],
        [
            {
                "clayCost": 1,
                "colour": -1,
                "goldCost": 0,
                "scoreGain": 10,
                "stoneCost": 0,
                "woodCost": 2
            },
            {
                "clayCost": 0,
                "colour": -1,
                "goldCost": 0,
                "scoreGain": 11,
                "stoneCost": 1,
                "woodCost": 2
            },
            {
                "clayCost": 0,
                "colour": -1,
                "goldCost": 1,
                "scoreGain": 14,
                "stoneCost": 1,
                "woodCost": 1
            },
            {
                "colour": -1,
                "diffMaterials": 2,
                "maxCost": 5,
                "minCost": 5
            },
            {
                "clayCost": 2,
                "colour": -1,
                "goldCost": 0,
                "scoreGain": 11,
                "stoneCost": 0,
                "woodCost": 1
            }
        ]
    ],
    "civs": [
        {
            "amount": 5,
            "bonus": 1,
            "builders": 0,
            "colour": -1,
            "cost": 0,
            "farmers": 0,
            "makers": 0,
            "resource": 2,
            "shamen": 0
        },
        {
            "bonus": -1,
            "builders": 0,
            "colour": -1,
            "cost": 0,
            "farmers": 1,
            "food": true,
            "makers": 0,
            "score": false,
            "shamen": 0,
            "tool": false
        },
        {
            "amount": 4,
            "bonus": -1,
            "builders": 1,
            "colour": -1,
            "cost": 0,
            "farmers": 0,
            "makers": 0,
            "resource": 2,
            "shamen": 0
        },
        {
            "bonus": 2,
            "builders": 0,
            "colour": -1,
            "cost": 0,
            "farmers": 0,
            "food": false,
            "makers": 0,
            "score": true,
            "shamen": 0,
            "tool": false
        },
        {
            "bonus": -1,
            "builders": 0,
            "colour": -1,
            "cost": 0,
            "farmers": 0,
            "makers": 1,
            "shamen": 0,
            "tools": 3
        },
        {
            "bonus": 5,
            "builders": 0,
            "colour": -1,
            "cost": 0,
            "die1": 1,
            "die2": 5,
            "die3": 5,
            "die4": 3,
            "farmers": 0,
            "makers": 0,
            "shamen": 0
        },
        {
            "amount": 2,
            "bonus": 5,
            "builders": 0,
            "colour": -1,
            "cost": 0,
            "farmers": 0,
            "makers": 0,
            "resource": 5,
            "shamen": 0
        },
        {
            "bonus": -1,
            "builders": 0,
            "colour": -1,
            "cost": 0,
            "farmers": 0,
            "makers": 1,
            "shamen": 0,
            "tools": 4
        },
        {
            "bonus": -1,
            "builders": 0,
            "colour": -1,
            "cost": 0,
            "die1": 6,
            "die2": 4,
            "die3": 2,
            "die4": 5,
            "farmers": 2,
            "makers": 0,
            "shamen": 0
        },
        {
            "bonus": -1,
            "builders": 0,
            "colour": -1,
            "cost": 0,
            "die1": 6,
            "die2": 5,
            "die3": 6,
            "die4": 3,
            "farmers": 0,
            "makers": 2,
            "shamen": 0
        },
        {
            "bonus": -1,
            "builders": 2,
            "colour": -1,
            "cost": 0,
            "die1": 6,
            "die2": 2,
            "die3": 2,
            "die4": 1,
            "farmers": 0,
            "makers": 0,
            "shamen": 0
        },
        {
            "amount": 1,
            "bonus": -1,
            "builders": 0,
            "colour": -1,
            "cost": 0,
            "farmers": 1,
            "makers": 0,
            "resource": 5,
            "shamen": 0
        },
        {
            "bonus": -1,
            "builders": 0,
            "colour": -1,
            "cost": 0,
            "die1": 4,
            "die2": 3,
            "die3": 4,
            "die4": 2,
            "farmers": 0,
            "makers": 2,
            "shamen": 0
        },
        {
            "amount": 3,
            "bonus": -1,
            "builders": 0,
            "colour": -1,
            "cost": 0,
            "farmers": 2,
            "makers": 0,
            "resource": 2,
            "shamen": 0
        },
        {
            "bonus": 4,
            "builders": 0,
            "colour": -1,
            "cost": 0,
            "die1": 5,
            "die2": 6,
            "die3": 3,
            "die4": 1,
            "farmers": 0,
            "makers": 0,
            "shamen": 0
        },
        {
            "bonus": -1,
            "builders": 0,
            "colour": -1,
            "cost": 0,
            "die1": 5,
            "die2": 4,
            "die3": 4,
            "die4": 2,
            "farmers": 1,
            "makers": 0,
            "shamen": 0
        },
        {
            "bonus": -1,
            "builders": 0,
            "colour": -1,
            "cost": 0,
            "diceResource": 5,
            "farmers": 0,
            "makers": 0,
            "shamen": 1
        },
        {
            "bonus": 7,
            "builders": 0,
            "colour": -1,
            "cost": 0,
            "die1": 6,
            "die2": 4,
            "die3": 3,
            "die4": 4,
            "farmers": 0,
            "makers": 0,
            "shamen": 0
        }
    ],
    "clayPit": {
        "blueWorkers": 0,
        "greenWorkers": 0,
        "redWorkers": 0,
        "yellowWorkers": 0
    },
    "ended": false,
    "field": {
        "blueWorkers": 0,
        "greenWorkers": 0,
        "redWorkers": 0,
        "yellowWorkers": 0
    },
    "forest": {
        "blueWorkers": 0,
        "greenWorkers": 0,
        "redWorkers": 0,
        "yellowWorkers": 0
    },
    "hunt": {
        "blueWorkers": 0,
        "greenWorkers": 0,
        "redWorkers": 0,
        "yellowWorkers": 0
    },
    "hut": {
        "blueWorkers": 0,
        "greenWorkers": 0,
        "redWorkers": 0,
        "yellowWorkers": 0
    },
    "openCivs": [
        {
            "bonus": 0,
            "builders": 0,
            "colour": -1,
            "cost": 1,
            "farmers": 0,
            "food": false,
            "makers": 0,
            "score": false,
            "shamen": 0,
            "tool": true
        },
        {
            "amount": 1,
            "bonus": 6,
            "builders": 0,
            "colour": -1,
            "cost": 2,
            "farmers": 0,
            "makers": 0,
            "resource": 2,
            "shamen": 0
        },
        {
            "bonus": -1,
            "builders": 3,
            "colour": -1,
            "cost": 3,
            "farmers": 0,
            "food": false,
            "makers": 0,
            "score": true,
            "shamen": 0,
            "tool": false
        },
        {
            "amount": 1,
            "bonus": -1,
            "builders": 0,
            "colour": -1,
            "cost": 4,
            "farmers": 0,
            "makers": 0,
            "resource": 4,
            "shamen": 2
        }
    ],
    "pickWindows": [
        {
            "blue": true,
            "die1": 3,
            "die2": 6,
            "die3": 6,
            "die4": 1,
            "green": false,
            "red": true,
            "yellow": true
        }
    ],
    "players": [
        {
            "buildings": 2,
            "civBonuses": [
                0,
                1,
                0,
                1,
                0,
                0,
                0,
                1
            ],
            "clay": 3,
            "colour": 0,
            "extraTools": [
            ],
            "farmers": 0,
            "food": 7,
            "foodGain": 4,
            "gold": 2,
            "hutBuilders": 1,
            "score": 2,
            "shamans": 2,
            "stone": 1,
            "toolMakers": 0,
            "tools": [
                {
                    "level": 1,
                    "used": false
                },
                {
                    "level": 1,
                    "used": false
                },
                {
                    "level": 1,
                    "used": false
                }
            ],
            "wood": 0,
            "workerFree": 5,
            "workerTotal": 6
        },
        {
            "buildings": 2,
            "civBonuses": [
                1,
                0,
                0,
                1,
                1,
                0,
                1,
                0
            ],
            "clay": 3,
            "colour": 1,
            "extraTools": [
            ],
            "farmers": 0,
            "food": 11,
            "foodGain": 4,
            "gold": 2,
            "hutBuilders": 2,
            "score": 14,
            "shamans": 1,
            "stone": 1,
            "toolMakers": 0,
            "tools": [
                {
                    "level": 2,
                    "used": true
                },
                {
                    "level": 2,
                    "used": true
                },
                {
                    "level": 2,
                    "used": false
                }
            ],
            "wood": 0,
            "workerFree": 5,
            "workerTotal": 5
        },
        {
            "buildings": 1,
            "civBonuses": [
                0,
                0,
                0,
                0,
                0,
                0,
                0,
                0
            ],
            "clay": 0,
            "colour": 2,
            "extraTools": [
            ],
            "farmers": 0,
            "food": 11,
            "foodGain": 0,
            "gold": 1,
            "hutBuilders": 0,
            "score": 0,
            "shamans": 0,
            "stone": 3,
            "toolMakers": 0,
            "tools": [
                {
                    "level": 1,
                    "used": false
                },
                {
                    "level": 0,
                    "used": false
                },
                {
                    "level": 0,
                    "used": false
                }
            ],
            "wood": 10,
            "workerFree": 6,
            "workerTotal": 6
        },
        {
            "buildings": 0,
            "civBonuses": [
                0,
                0,
                1,
                0,
                0,
                0,
                0,
                0
            ],
            "clay": 0,
            "colour": 3,
            "extraTools": [
                2
            ],
            "farmers": 0,
            "food": 0,
            "foodGain": 1,
            "gold": 1,
            "hutBuilders": 0,
            "score": -47,
            "shamans": 1,
            "stone": 1,
            "toolMakers": 1,
            "tools": [
                {
                    "level": 0,
                    "used": false
                },
                {
                    "level": 0,
                    "used": false
                },
                {
                    "level": 0,
                    "used": false
                }
            ],
            "wood": 0,
            "workerFree": 6,
            "workerTotal": 6
        }
    ],
    "quarry": {
        "blueWorkers": 0,
        "greenWorkers": 0,
        "redWorkers": 0,
        "yellowWorkers": 0
    },
    "river": {
        "blueWorkers": 0,
        "greenWorkers": 0,
        "redWorkers": 0,
        "yellowWorkers": 0
    },
    "round": 8,
    "toolShed": {
        "blueWorkers": 0,
        "greenWorkers": 0,
        "redWorkers": 1,
        "yellowWorkers": 0
    }
}
