{
    "activePlayer": 0,
    "buildings": [
        [
            {
                "clayCost": 1,
                "colour": -1,
                "goldCost": 1,
                "scoreGain": 13,
                "stoneCost": 0,
                "woodCost": 1
            },
            {
                "clayCost": 0,
                "colour": -1,
                "goldCost": 0,
                "scoreGain": 11,
                "stoneCost": 1,
                "woodCost": 2
            },
            {
                "clayCost": 1,
                "colour": -1,
                "goldCost": 1,
                "scoreGain": 15,
                "stoneCost": 1,
                "woodCost": 0
            },
            {
                "colour": -1,
                "diffMaterials": 2,
                "maxCost": 4,
                "minCost": 4
            },
            {
                "clayCost": 1,
                "colour": -1,
                "goldCost": 0,
                "scoreGain": 12,
                "stoneCost": 1,
                "woodCost": 1
            },
            {
                "clayCost": 1,
                "colour": -1,
                "goldCost": 1,
                "scoreGain": 15,
                "stoneCost": 1,
                "woodCost": 0
            },
            {
                "colour": -1,
                "diffMaterials": 3,
                "maxCost": 4,
                "minCost": 4
            }
        ],
        [
            {
                "clayCost": 2,
                "colour": -1,
                "goldCost": 0,
                "scoreGain": 13,
                "stoneCost": 1,
                "woodCost": 0
            },
            {
                "clayCost": 1,
                "colour": -1,
                "goldCost": 1,
                "scoreGain": 13,
                "stoneCost": 0,
                "woodCost": 1
            },
            {
                "clayCost": 2,
                "colour": -1,
                "goldCost": 0,
                "scoreGain": 11,
                "stoneCost": 0,
                "woodCost": 1
            },
            {
                "clayCost": 2,
                "colour": -1,
                "goldCost": 1,
                "scoreGain": 14,
                "stoneCost": 0,
                "woodCost": 0
            },
            {
                "clayCost": 0,
                "colour": -1,
                "goldCost": 0,
                "scoreGain": 13,
                "stoneCost": 2,
                "woodCost": 1
            },
            {
                "clayCost": 1,
                "colour": -1,
                "goldCost": 0,
                "scoreGain": 12,
                "stoneCost": 1,
                "woodCost": 1
            },
            {
                "clayCost": 0,
                "colour": -1,
                "goldCost": 1,
                "scoreGain": 14,
                "stoneCost": 1,
                "woodCost": 1
            }
        ],
        [
            {
                "colour": -1,
                "diffMaterials": 0,
                "maxCost": 7,
                "minCost": 1
            },
            {
                "colour": -1,
                "diffMaterials": 0,
                "maxCost": 7,
                "minCost": 1
            },
            {
                "colour": -1,
                "diffMaterials": 4,
                "maxCost": 4,
                "minCost": 4
            },
            {
                "clayCost": 0,
                "colour": -1,
                "goldCost": 1,
                "scoreGain": 14,
                "stoneCost": 1,
                "woodCost": 1
            },
            {
                "colour": -1,
                "diffMaterials": 1,
                "maxCost": 5,
                "minCost": 5
            },
            {
                "colour": -1,
                "diffMaterials": 3,
                "maxCost": 5,
                "minCost": 5
            },
            {
                "clayCost": 1,
                "colour": -1,
                "goldCost": 0,
                "scoreGain": 10,
                "stoneCost": 0,
                "woodCost": 2
            }
        ],
        [
            {
                "clayCost": 0,
                "colour": -1,
                "goldCost": 1,
                "scoreGain": 16,
                "stoneCost": 2,
                "woodCost": 0
            },
            {
                "colour": -1,
                "diffMaterials": 4,
                "maxCost": 5,
                "minCost": 5
            },
            {
                "colour": -1,
                "diffMaterials": 1,
                "maxCost": 4,
                "minCost": 4
            },
            {
                "clayCost": 0,
                "colour": -1,
                "goldCost": 1,
                "scoreGain": 12,
                "stoneCost": 0,
                "woodCost": 2
            },
            {
                "colour": -1,
                "diffMaterials": 2,
                "maxCost": 5,
                "minCost": 5
            },
            {
                "clayCost": 1,
                "colour": -1,
                "goldCost": 0,
                "scoreGain": 14,
                "stoneCost": 2,
                "woodCost": 0
            },
			{
                "colour": -1,
                "diffMaterials": 0,
                "maxCost": 7,
                "minCost": 1
            }
        ]
    ],
    "civs": [
	        {
            "bonus": -1,
            "builders": 0,
            "colour": -1,
            "cost": 3,
            "farmers": 0,
            "makers": 1,
            "shamen": 0,
            "tools": 3
        },
        {
            "bonus": -1,
            "builders": 1,
            "colour": -1,
            "cost": 0,
            "die1": 0,
            "die2": 0,
            "die3": 0,
            "die4": 0,
            "farmers": 0,
            "makers": 0,
            "shamen": 0
        },
        {
            "bonus": 3,
            "builders": 0,
            "colour": -1,
            "cost": 0,
            "die1": 0,
            "die2": 0,
            "die3": 0,
            "die4": 0,
            "farmers": 0,
            "makers": 0,
            "shamen": 0
        },
        {
            "bonus": -1,
            "builders": 0,
            "colour": -1,
            "cost": 0,
            "die1": 0,
            "die2": 0,
            "die3": 0,
            "die4": 0,
            "farmers": 2,
            "makers": 0,
            "shamen": 0
        },
        {
            "amount": 2,
            "bonus": 5,
            "builders": 0,
            "colour": -1,
            "cost": 0,
            "farmers": 0,
            "makers": 0,
            "resource": 5,
            "shamen": 0
        },
        {
            "bonus": -1,
            "builders": 0,
            "colour": -1,
            "cost": 0,
            "diceResource": 3,
            "farmers": 0,
            "makers": 0,
            "shamen": 2
        },
        {
            "amount": 4,
            "bonus": -1,
            "builders": 1,
            "colour": -1,
            "cost": 0,
            "farmers": 0,
            "makers": 0,
            "resource": 2,
            "shamen": 0
        },
        {
            "bonus": 7,
            "builders": 0,
            "colour": -1,
            "cost": 0,
            "die1": 0,
            "die2": 0,
            "die3": 0,
            "die4": 0,
            "farmers": 0,
            "makers": 0,
            "shamen": 0
        },
        {
            "bonus": -1,
            "builders": 0,
            "colour": -1,
            "cost": 0,
            "die1": 0,
            "die2": 0,
            "die3": 0,
            "die4": 0,
            "farmers": 0,
            "makers": 2,
            "shamen": 0
        },
        {
            "bonus": -1,
            "builders": 0,
            "colour": -1,
            "cost": 0,
            "die1": 0,
            "die2": 0,
            "die3": 0,
            "die4": 0,
            "farmers": 1,
            "makers": 0,
            "shamen": 0
        },
        {
            "amount": 2,
            "bonus": -1,
            "builders": 2,
            "colour": -1,
            "cost": 0,
            "farmers": 0,
            "makers": 0,
            "resource": 2,
            "shamen": 0
        },
        {
            "bonus": -1,
            "builders": 3,
            "colour": -1,
            "cost": 0,
            "farmers": 0,
            "food": false,
            "makers": 0,
            "score": true,
            "shamen": 0,
            "tool": false
        },
        {
            "amount": 1,
            "bonus": 6,
            "builders": 0,
            "colour": -1,
            "cost": 0,
            "farmers": 0,
            "makers": 0,
            "resource": 2,
            "shamen": 0
        },
        {
            "bonus": -1,
            "builders": 0,
            "colour": -1,
            "cost": 0,
            "farmers": 0,
            "makers": 1,
            "shamen": 0,
            "tools": 4
        },
        {
            "amount": 1,
            "bonus": -1,
            "builders": 0,
            "colour": -1,
            "cost": 0,
            "farmers": 0,
            "makers": 0,
            "resource": 4,
            "shamen": 2
        },
        {
            "amount": 1,
            "bonus": -1,
            "builders": 0,
            "colour": -1,
            "cost": 0,
            "farmers": 0,
            "makers": 0,
            "resource": 6,
            "shamen": 1
        },
        {
            "amount": 1,
            "bonus": -1,
            "builders": 0,
            "colour": -1,
            "cost": 0,
            "farmers": 0,
            "makers": 0,
            "resource": 5,
            "shamen": 1
        },
        {
            "bonus": 2,
            "builders": 0,
            "colour": -1,
            "cost": 0,
            "farmers": 0,
            "food": false,
            "makers": 0,
            "score": true,
            "shamen": 0,
            "tool": false
        },
        {
            "bonus": -1,
            "builders": 0,
            "colour": -1,
            "cost": 0,
            "die1": 0,
            "die2": 0,
            "die3": 0,
            "die4": 0,
            "farmers": 0,
            "makers": 2,
            "shamen": 0
        },
        {
            "bonus": -1,
            "builders": 0,
            "colour": -1,
            "cost": 0,
            "diceResource": 5,
            "farmers": 0,
            "makers": 0,
            "shamen": 1
        },
        {
            "amount": 5,
            "bonus": 1,
            "builders": 0,
            "colour": -1,
            "cost": 0,
            "farmers": 0,
            "makers": 0,
            "resource": 2,
            "shamen": 0
        },
        {
            "bonus": -1,
            "builders": 2,
            "colour": -1,
            "cost": 0,
            "die1": 0,
            "die2": 0,
            "die3": 0,
            "die4": 0,
            "farmers": 0,
            "makers": 0,
            "shamen": 0
        },
        {
            "bonus": 4,
            "builders": 0,
            "colour": -1,
            "cost": 0,
            "farmers": 0,
            "food": true,
            "makers": 0,
            "score": false,
            "shamen": 0,
            "tool": false
        },
        {
            "amount": 7,
            "bonus": 3,
            "builders": 0,
            "colour": -1,
            "cost": 0,
            "farmers": 0,
            "makers": 0,
            "resource": 2,
            "shamen": 0
        },
        {
            "amount": 3,
            "bonus": 6,
            "builders": 0,
            "colour": -1,
            "cost": 0,
            "farmers": 0,
            "makers": 0,
            "resource": 2,
            "shamen": 0
        },
        {
            "bonus": 0,
            "builders": 0,
            "colour": -1,
            "cost": 0,
            "farmers": 0,
            "food": false,
            "makers": 0,
            "score": false,
            "shamen": 0,
            "tool": true
        },
        {
            "amount": 1,
            "bonus": -1,
            "builders": 0,
            "colour": -1,
            "cost": 0,
            "farmers": 1,
            "makers": 0,
            "resource": 5,
            "shamen": 0
        },
        {
            "bonus": -1,
            "builders": 0,
            "colour": -1,
            "cost": 0,
            "farmers": 1,
            "food": true,
            "makers": 0,
            "score": false,
            "shamen": 0,
            "tool": false
        },
        {
            "amount": 3,
            "bonus": -1,
            "builders": 0,
            "colour": -1,
            "cost": 0,
            "farmers": 2,
            "makers": 0,
            "resource": 2,
            "shamen": 0
        },
        {
            "bonus": 5,
            "builders": 0,
            "colour": -1,
            "cost": 0,
            "die1": 0,
            "die2": 0,
            "die3": 0,
            "die4": 0,
            "farmers": 0,
            "makers": 0,
            "shamen": 0
        }, 
		{
            "bonus": 1,
            "builders": 0,
            "choice": 2,
            "colour": -1,
            "cost": 0,
            "farmers": 0,
            "makers": 0,
            "shamen": 0
        },
		{
            "bonus": 7,
            "builders": 0,
            "colour": -1,
            "cost": 0,
            "farmers": 0,
            "hasCard": false,
            "makers": 0,
            "shamen": 0
        }
    ],
    "clayPit": {
        "blueWorkers": 0,
        "greenWorkers": 0,
        "redWorkers": 0,
        "yellowWorkers": 0
    },
    "ended": false,
    "field": {
        "blueWorkers": 0,
        "greenWorkers": 0,
        "redWorkers": 0,
        "yellowWorkers": 0
    },
    "forest": {
        "blueWorkers": 0,
        "greenWorkers": 0,
        "redWorkers": 0,
        "yellowWorkers": 0
    },
    "hunt": {
        "blueWorkers": 0,
        "greenWorkers": 0,
        "redWorkers": 0,
        "yellowWorkers": 0
    },
    "hut": {
        "blueWorkers": 0,
        "greenWorkers": 0,
        "redWorkers": 0,
        "yellowWorkers": 0
    },
    "openCivs": [
        {
            "bonus": 0,
            "builders": 0,
            "colour": -1,
            "cost": 1,
            "diceResource": 6,
            "farmers": 0,
            "makers": 0,
            "shamen": 0
        },
        {
            "bonus": -1,
            "builders": 0,
            "colour": -1,
            "cost": 2,
            "farmers": 0,
            "makers": 1,
            "shamen": 0,
            "tools": 2
        },
        {
            "bonus": 4,
            "builders": 0,
            "colour": -1,
            "cost": 3,
            "die1": 0,
            "die2": 0,
            "die3": 0,
            "die4": 0,
            "farmers": 0,
            "makers": 0,
            "shamen": 0
        },
        {
            "bonus": 2,
            "builders": 0,
            "colour": -1,
            "cost": 4,
            "farmers": 0,
            "food": false,
            "makers": 0,
            "score": true,
            "shamen": 0,
            "tool": false
        }
    ],
    "players": [
        {
            "buildings": 0,
            "civBonuses": [
                0,
                0,
                0,
                0,
                0,
                0,
                0,
                0
            ],
            "clay": 100,
            "colour": 0,
            "extraTools": [
			4,
			2
            ],
            "farmers": 100,
            "food": 100,
            "foodGain": 10,
            "gold": 100,
            "hutBuilders": 100,
            "score": 1000,
            "shamans": 100,
            "stone": 100,
            "toolMakers": 100,
            "tools": [
                {
                    "level": 4,
                    "used": false
                },
                {
                    "level": 4,
                    "used": false
                },
                {
                    "level": 4,
                    "used": false
                }
            ],
            "wood": 100,
            "workerFree": 5,
            "workerTotal": 5
        },
       {
            "buildings": 0,
            "civBonuses": [
                0,
                0,
                0,
                0,
                0,
                0,
                0,
                0
            ],
            "clay": 100,
            "colour": 1,
            "extraTools": [
			2
            ],
            "farmers": 100,
            "food": 100,
            "foodGain": 10,
            "gold": 100,
            "hutBuilders": 100,
            "score": 1000,
            "shamans": 100,
            "stone": 100,
            "toolMakers": 100,
            "tools": [
                {
                    "level": 4,
                    "used": false
                },
                {
                    "level": 4,
                    "used": false
                },
                {
                    "level": 4,
                    "used": false
                }
            ],
            "wood": 100,
            "workerFree": 5,
            "workerTotal": 5
        },
        {
            "buildings": 0,
            "civBonuses": [
                0,
                0,
                0,
                0,
                0,
                0,
                0,
                0
            ],
            "clay": 100,
            "colour": 2,
            "extraTools": [
			2
            ],
            "farmers": 100,
            "food": 100,
            "foodGain": 10,
            "gold": 100,
            "hutBuilders": 100,
            "score": 1000,
            "shamans": 100,
            "stone": 100,
            "toolMakers": 100,
            "tools": [
                {
                    "level": 4,
                    "used": false
                },
                {
                    "level": 4,
                    "used": false
                },
                {
                    "level": 4,
                    "used": false
                }
            ],
            "wood": 100,
            "workerFree": 5,
            "workerTotal": 5
        },
        {
            "buildings": 0,
            "civBonuses": [
                0,
                0,
                0,
                0,
                0,
                0,
                0,
                0
            ],
            "clay": 100,
            "colour": 3,
            "extraTools": [
			3,
			4,
			4
            ],
            "farmers": 100,
            "food": 100,
            "foodGain": 10,
            "gold": 100,
            "hutBuilders": 100,
            "score": 1000,
            "shamans": 100,
            "stone": 100,
            "toolMakers": 100,
            "tools": [
                {
                    "level": 4,
                    "used": false
                },
                {
                    "level": 4,
                    "used": false
                },
                {
                    "level": 4,
                    "used": false
                }
            ],
            "wood": 100,
            "workerFree": 5,
            "workerTotal": 5
        }
    ],
    "quarry": {
        "blueWorkers": 0,
        "greenWorkers": 0,
        "redWorkers": 0,
        "yellowWorkers": 0
    },
    "river": {
        "blueWorkers": 0,
        "greenWorkers": 0,
        "redWorkers": 0,
        "yellowWorkers": 0
    },
    "round": 0,
    "toolShed": {
        "blueWorkers": 0,
        "greenWorkers": 0,
        "redWorkers": 0,
        "yellowWorkers": 0
    }
}
